{"cameraMode":{"drawMode":0,"name":"Shaded","section":"Shading Mode"},"sceneLighting":true,"audioPlay":false,"sceneViewState":{"showFog":true,"showMaterialUpdate":false,"showSkybox":true,"showFlares":true,"showImageEffects":true,"showParticleSystems":true},"in2DMode":false,"pivot":{"x":2.4600000381469728,"y":-1.1800000667572022,"z":5.829999923706055},"rotation":{"x":-0.16805490851402284,"y":0.7978489995002747,"z":-0.2589282691478729,"w":-0.5178350806236267},"size":10.849993705749512,"orthographic":false}