{"cameraMode":{"drawMode":0,"name":"Shaded","section":"Shading Mode"},"sceneLighting":true,"audioPlay":false,"sceneViewState":{"showFog":true,"showMaterialUpdate":false,"showSkybox":true,"showFlares":true,"showImageEffects":true,"showParticleSystems":true},"in2DMode":false,"pivot":{"x":-2.5202808380126955,"y":-1.4217071533203126,"z":3.409703493118286},"rotation":{"x":-0.09597225487232208,"y":0.5961390137672424,"z":-0.07207031548023224,"w":-0.793864369392395},"size":10.349285125732422,"orthographic":false}