{"cameraMode":{"drawMode":0,"name":"Shaded","section":"Shading Mode"},"sceneLighting":false,"audioPlay":false,"sceneViewState":{"showFog":true,"showMaterialUpdate":false,"showSkybox":false,"showFlares":true,"showImageEffects":true,"showParticleSystems":true},"in2DMode":false,"pivot":{"x":2.4600000381469728,"y":-0.9167199730873108,"z":5.829999923706055},"rotation":{"x":0.0008692408446222544,"y":0.9989404678344727,"z":-0.021290259435772897,"w":0.0407799668610096},"size":1.691504955291748,"orthographic":false}