{"cameraMode":{"drawMode":0,"name":"Shaded","section":"Shading Mode"},"sceneLighting":true,"audioPlay":false,"sceneViewState":{"showFog":true,"showMaterialUpdate":false,"showSkybox":true,"showFlares":true,"showImageEffects":true,"showParticleSystems":true},"in2DMode":false,"pivot":{"x":5.6099853515625,"y":-36.8372917175293,"z":26.762264251708986},"rotation":{"x":-0.42152804136276247,"y":-0.07683844119310379,"z":0.0358755886554718,"w":-0.9028446078300476},"size":74.80440521240235,"orthographic":false}