{"cameraMode":{"drawMode":0,"name":"Shaded","section":"Shading Mode"},"sceneLighting":true,"audioPlay":false,"sceneViewState":{"showFog":true,"showMaterialUpdate":false,"showSkybox":true,"showFlares":true,"showImageEffects":true,"showParticleSystems":true},"in2DMode":false,"pivot":{"x":-1.4784951210021973,"y":-1.3000273704528809,"z":3.8043296337127687},"rotation":{"x":-0.24808934330940247,"y":0.10784020274877548,"z":-0.027801712974905969,"w":-0.9623190760612488},"size":37.27823257446289,"orthographic":false}